{
  "2p_4m": {
    "n_photons": 2,
    "n_modes": 4,
    "loss_rate": 0.01,
    "shots": 5000,
    "heaviness": 0.9288,
    "linear_xeb": 1.074170064255402,
    "ks_distance": 0.3078,
    "entropy_q": 2.5605988698447977,
    "entropy_c": 3.2446651585615913,
    "collision_entropy": 2.2754957075731572,
    "max_entropy": 3.321928094887362,
    "coverage_q": 1.0,
    "coverage_c": 1.0,
    "chi2_pval": 0.0,
    "mean_perm_time": 4.5252999067694566e-06,
    "total_time": 0.009878909997496521,
    "plot_file": "kaya_bs_2p_4m_comprehensive_20251116_013842.png",
    "csv_file": "kaya_bs_2p_4m_comprehensive_20251116_013842.csv",
    "quantum_advantage": "True"
  },
  "3p_6m": {
    "n_photons": 3,
    "n_modes": 6,
    "loss_rate": 0.01,
    "shots": 5000,
    "heaviness": 0.8652,
    "linear_xeb": 0.9692455192427849,
    "ks_distance": 0.10539999999999998,
    "entropy_q": 5.179444814884726,
    "entropy_c": 5.65493789500505,
    "collision_entropy": 4.820928666061949,
    "max_entropy": 5.807354922057604,
    "coverage_q": 1.0,
    "coverage_c": 1.0,
    "chi2_pval": 0.0,
    "mean_perm_time": 3.533226174026606e-06,
    "total_time": 0.010514759000216145,
    "plot_file": "kaya_bs_3p_6m_comprehensive_20251116_013843.png",
    "csv_file": "kaya_bs_3p_6m_comprehensive_20251116_013843.csv",
    "quantum_advantage": "True"
  },
  "4p_8m": {
    "n_photons": 4,
    "n_modes": 8,
    "loss_rate": 0.01,
    "shots": 5000,
    "heaviness": 0.8902,
    "linear_xeb": 1.4917982268419792,
    "ks_distance": 0.0312,
    "entropy_q": 7.485721081264137,
    "entropy_c": 8.095569276851213,
    "collision_entropy": 7.012466889578513,
    "max_entropy": 8.366322214245816,
    "coverage_q": 0.9,
    "coverage_c": 0.990909090909091,
    "chi2_pval": 0.0,
    "mean_perm_time": 1.2949251454715109e-05,
    "total_time": 0.029645983999216696,
    "plot_file": "kaya_bs_4p_8m_comprehensive_20251116_013844.png",
    "csv_file": "kaya_bs_4p_8m_comprehensive_20251116_013844.csv",
    "quantum_advantage": "True"
  },
  "5p_10m": {
    "n_photons": 5,
    "n_modes": 10,
    "loss_rate": 0.01,
    "shots": 5000,
    "heaviness": 0.9528,
    "linear_xeb": 5.4095827481733325,
    "ks_distance": 0.030599999999999933,
    "entropy_q": 9.058906774133906,
    "entropy_c": 10.360271876497471,
    "collision_entropy": 8.17267913618692,
    "max_entropy": 10.967226258835993,
    "coverage_q": 0.5004995004995005,
    "coverage_c": 0.8116883116883117,
    "chi2_pval": 0.0,
    "mean_perm_time": 0.00034944497020114433,
    "total_time": 2.161272403998737,
    "plot_file": "kaya_bs_5p_10m_comprehensive_20251116_013847.png",
    "csv_file": "kaya_bs_5p_10m_comprehensive_20251116_013847.csv",
    "quantum_advantage": "True"
  }
}